{
  "es6.array.copy-within": {
    "chrome": "45",
    "opera": "32",
    "edge": "12",
    "firefox": "32",
    "safari": "9",
    "node": "4",
    "ios": "9",
    "samsung": "5",
    "rhino": "1.7.13",
    "electron": "0.31"
  },
  "es6.array.every": {
    "chrome": "5",
    "opera": "10.10",
    "edge": "12",
    "firefox": "2",
    "safari": "3.1",
    "node": "0.10",
    "ie": "9",
    "android": "4",
    "ios": "6",
    "phantom": "2",
    "samsung": "1",
    "rhino": "1.7.13",
    "electron": "0.20"
  },
  "es6.array.fill": {
    "chrome": "45",
    "opera": "32",
    "edge": "12",
    "firefox": "31",
    "safari": "7.1",
    "node": "4",
    "ios": "8",
    "samsung": "5",
    "rhino": "1.7.13",
    "electron": "0.31"
  },
  "es6.array.filter": {
    "chrome": "51",
    "opera": "38",
    "edge": "13",
    "firefox": "48",
    "safari": "10",
    "node": "6.5",
    "ios": "10",
    "samsung": "5",
    "electron": "1.2"
  },
  "es6.array.find": {
    "chrome": "45",
    "opera": "32",
    "edge": "12",
    "firefox": "25",
    "safari": "7.1",
    "node": "4",
    "ios": "8",
    "samsung": "5",
    "rhino": "1.7.13",
    "electron": "0.31"
  },
  "es6.array.find-index": {
    "chrome": "45",
    "opera": "32",
    "edge": "12",
    "firefox": "25",
    "safari": "7.1",
    "node": "4",
    "ios": "8",
    "samsung": "5",
    "rhino": "1.7.13",
    "electron": "0.31"
  },
  "es7.array.flat-map": {
    "chrome": "69",
    "opera": "56",
    "edge": "79",
    "firefox": "62",
    "safari": "12",
    "node": "11",
    "ios": "12",
    "samsung": "10",
    "electron": "4.0"
  },
  "es6.array.for-each": {
    "chrome": "5",
    "opera": "10.10",
    "edge": "12",
    "firefox": "2",
    "safari": "3.1",
    "node": "0.10",
    "ie": "9",
    "android": "4",
    "ios": "6",
    "phantom": "2",
    "samsung": "1",
    "rhino": "1.7.13",
    "electron": "0.20"
  },
  "es6.array.from": {
    "chrome": "51",
    "opera": "38",
    "edge": "15",
    "firefox": "36",
    "safari": "10",
    "node": "6.5",
    "ios": "10",
    "samsung": "5",
    "electron": "1.2"
  },
  "es7.array.includes": {
    "chrome": "47",
    "opera": "34",
    "edge": "14",
    "firefox": "43",
    "safari": "10",
    "node": "6",
    "ios": "10",
    "samsung": "5",
    "electron": "0.36"
  },
  "es6.array.index-of": {
    "chrome": "5",
    "opera": "10.10",
    "edge": "12",
    "firefox": "2",
    "safari": "3.1",
    "node": "0.10",
    "ie": "9",
    "android": "4",
    "ios": "6",
    "phantom": "2",
    "samsung": "1",
    "rhino": "1.7.13",
    "electron": "0.20"
  },
  "es6.array.is-array": {
    "chrome": "5",
    "opera": "10.50",
    "edge": "12",
    "firefox": "4",
    "safari": "4",
    "node": "0.10",
    "ie": "9",
    "android": "4",
    "ios": "6",
    "phantom": "2",
    "samsung": "1",
    "rhino": "1.7.13",
    "electron": "0.20"
  },
  "es6.array.iterator": {
    "chrome": "66",
    "opera": "53",
    "edge": "12",
    "firefox": "60",
    "safari": "9",
    "node": "10",
    "ios": "9",
    "samsung": "9",
    "rhino": "1.7.13",
    "electron": "3.0"
  },
  "es6.array.last-index-of": {
    "chrome": "5",
    "opera": "10.10",
    "edge": "12",
    "firefox": "2",
    "safari": "3.1",
    "node": "0.10",
    "ie": "9",
    "android": "4",
    "ios": "6",
    "phantom": "2",
    "samsung": "1",
    "rhino": "1.7.13",
    "electron": "0.20"
  },
  "es6.array.map": {
    "chrome": "51",
    "opera": "38",
    "edge": "13",
    "firefox": "48",
    "safari": "10",
    "node": "6.5",
    "ios": "10",
    "samsung": "5",
    "electron": "1.2"
  },
  "es6.array.of": {
    "chrome": "45",
    "opera": "32",
    "edge": "12",
    "firefox": "25",
    "safari": "9",
    "node": "4",
    "ios": "9",
    "samsung": "5",
    "rhino": "1.7.13",
    "electron": "0.31"
  },
  "es6.array.reduce": {
    "chrome": "5",
    "opera": "10.50",
    "edge": "12",
    "firefox": "3",
    "safari": "4",
    "node": "0.10",
    "ie": "9",
    "android": "4",
    "ios": "6",
    "phantom": "2",
    "samsung": "1",
    "rhino": "1.7.13",
    "electron": "0.20"
  },
  "es6.array.reduce-right": {
    "chrome": "5",
    "opera": "10.50",
    "edge": "12",
    "firefox": "3",
    "safari": "4",
    "node": "0.10",
    "ie": "9",
    "android": "4",
    "ios": "6",
    "phantom": "2",
    "samsung": "1",
    "rhino": "1.7.13",
    "electron": "0.20"
  },
  "es6.array.slice": {
    "chrome": "51",
    "opera": "38",
    "edge": "13",
    "firefox": "48",
    "safari": "10",
    "node": "6.5",
    "ios": "10",
    "samsung": "5",
    "electron": "1.2"
  },
  "es6.array.some": {
    "chrome": "5",
    "opera": "10.10",
    "edge": "12",
    "firefox": "2",
    "safari": "3.1",
    "node": "0.10",
    "ie": "9",
    "android": "4",
    "ios": "6",
    "phantom": "2",
    "samsung": "1",
    "rhino": "1.7.13",
    "electron": "0.20"
  },
  "es6.array.sort": {
    "chrome": "63",
    "opera": "50",
    "edge": "12",
    "firefox": "5",
    "safari": "12",
    "node": "10",
    "ie": "9",
    "ios": "12",
    "samsung": "8",
    "rhino": "1.7.13",
    "electron": "3.0"
  },
  "es6.array.species": {
    "chrome": "51",
    "opera": "38",
    "edge": "13",
    "firefox": "48",
    "safari": "10",
    "node": "6.5",
    "ios": "10",
    "samsung": "5",
    "electron": "1.2"
  },
  "es6.date.now": {
    "chrome": "5",
    "opera": "10.50",
    "edge": "12",
    "firefox": "2",
    "safari": "4",
    "node": "0.10",
    "ie": "9",
    "android": "4",
    "ios": "6",
    "phantom": "2",
    "samsung": "1",
    "rhino": "1.7.13",
    "electron": "0.20"
  },
  "es6.date.to-iso-string": {
    "chrome": "5",
    "opera": "10.50",
    "edge": "12",
    "firefox": "3.5",
    "safari": "4",
    "node": "0.10",
    "ie": "9",
    "android": "4",
    "ios": "6",
    "phantom": "2",
    "samsung": "1",
    "rhino": "1.7.13",
    "electron": "0.20"
  },
  "es6.date.to-json": {
    "chrome": "5",
    "opera": "12.10",
    "edge": "12",
    "firefox": "4",
    "safari": "10",
    "node": "0.10",
    "ie": "9",
    "android": "4",
    "ios": "10",
    "samsung": "1",
    "rhino": "1.7.13",
    "electron": "0.20"
  },
  "es6.date.to-primitive": {
    "chrome": "47",
    "opera": "34",
    "edge": "15",
    "firefox": "44",
    "safari": "10",
    "node": "6",
    "ios": "10",
    "samsung": "5",
    "electron": "0.36"
  },
  "es6.date.to-string": {
    "chrome": "5",
    "opera": "10.50",
    "edge": "12",
    "firefox": "2",
    "safari": "3.1",
    "node": "0.10",
    "ie": "10",
    "android": "4",
    "ios": "6",
    "phantom": "2",
    "samsung": "1",
    "rhino": "1.7.13",
    "electron": "0.20"
  },
  "es6.function.bind": {
    "chrome": "7",
    "opera": "12",
    "edge": "12",
    "firefox": "4",
    "safari": "5.1",
    "node": "0.10",
    "ie": "9",
    "android": "4",
    "ios": "6",
    "phantom": "2",
    "samsung": "1",
    "rhino": "1.7.13",
    "electron": "0.20"
  },
  "es6.function.has-instance": {
    "chrome": "51",
    "opera": "38",
    "edge": "15",
    "firefox": "50",
    "safari": "10",
    "node": "6.5",
    "ios": "10",
    "samsung": "5",
    "electron": "1.2"
  },
  "es6.function.name": {
    "chrome": "5",
    "opera": "10.50",
    "edge": "14",
    "firefox": "2",
    "safari": "4",
    "node": "0.10",
    "android": "4",
    "ios": "6",
    "phantom": "2",
    "samsung": "1",
    "rhino": "1.7.13",
    "electron": "0.20"
  },
  "es6.map": {
    "chrome": "51",
    "opera": "38",
    "edge": "15",
    "firefox": "53",
    "safari": "10",
    "node": "6.5",
    "ios": "10",
    "samsung": "5",
    "electron": "1.2"
  },
  "es6.math.acosh": {
    "chrome": "38",
    "opera": "25",
    "edge": "12",
    "firefox": "25",
    "safari": "7.1",
    "node": "0.12",
    "ios": "8",
    "samsung": "3",
    "rhino": "1.7.13",
    "electron": "0.20"
  },
  "es6.math.asinh": {
    "chrome": "38",
    "opera": "25",
    "edge": "12",
    "firefox": "25",
    "safari": "7.1",
    "node": "0.12",
    "ios": "8",
    "samsung": "3",
    "rhino": "1.7.13",
    "electron": "0.20"
  },
  "es6.math.atanh": {
    "chrome": "38",
    "opera": "25",
    "edge": "12",
    "firefox": "25",
    "safari": "7.1",
    "node": "0.12",
    "ios": "8",
    "samsung": "3",
    "rhino": "1.7.13",
    "electron": "0.20"
  },
  "es6.math.cbrt": {
    "chrome": "38",
    "opera": "25",
    "edge": "12",
    "firefox": "25",
    "safari": "7.1",
    "node": "0.12",
    "ios": "8",
    "samsung": "3",
    "rhino": "1.7.13",
    "electron": "0.20"
  },
  "es6.math.clz32": {
    "chrome": "38",
    "opera": "25",
    "edge": "12",
    "firefox": "31",
    "safari": "9",
    "node": "0.12",
    "ios": "9",
    "samsung": "3",
    "rhino": "1.7.13",
    "electron": "0.20"
  },
  "es6.math.cosh": {
    "chrome": "38",
    "opera": "25",
    "edge": "12",
    "firefox": "25",
    "safari": "7.1",
    "node": "0.12",
    "ios": "8",
    "samsung": "3",
    "rhino": "1.7.13",
    "electron": "0.20"
  },
  "es6.math.expm1": {
    "chrome": "38",
    "opera": "25",
    "edge": "12",
    "firefox": "25",
    "safari": "7.1",
    "node": "0.12",
    "ios": "8",
    "samsung": "3",
    "rhino": "1.7.13",
    "electron": "0.20"
  },
  "es6.math.fround": {
    "chrome": "38",
    "opera": "25",
    "edge": "12",
    "firefox": "26",
    "safari": "7.1",
    "node": "0.12",
    "ios": "8",
    "samsung": "3",
    "rhino": "1.7.13",
    "electron": "0.20"
  },
  "es6.math.hypot": {
    "chrome": "38",
    "opera": "25",
    "edge": "12",
    "firefox": "27",
    "safari": "7.1",
    "node": "0.12",
    "ios": "8",
    "samsung": "3",
    "rhino": "1.7.13",
    "electron": "0.20"
  },
  "es6.math.imul": {
    "chrome": "30",
    "opera": "17",
    "edge": "12",
    "firefox": "23",
    "safari": "7",
    "node": "0.12",
    "android": "4.4",
    "ios": "7",
    "samsung": "2",
    "rhino": "1.7.13",
    "electron": "0.20"
  },
  "es6.math.log1p": {
    "chrome": "38",
    "opera": "25",
    "edge": "12",
    "firefox": "25",
    "safari": "7.1",
    "node": "0.12",
    "ios": "8",
    "samsung": "3",
    "rhino": "1.7.13",
    "electron": "0.20"
  },
  "es6.math.log10": {
    "chrome": "38",
    "opera": "25",
    "edge": "12",
    "firefox": "25",
    "safari": "7.1",
    "node": "0.12",
    "ios": "8",
    "samsung": "3",
    "rhino": "1.7.13",
    "electron": "0.20"
  },
  "es6.math.log2": {
    "chrome": "38",
    "opera": "25",
    "edge": "12",
    "firefox": "25",
    "safari": "7.1",
    "node": "0.12",
    "ios": "8",
    "samsung": "3",
    "rhino": "1.7.13",
    "electron": "0.20"
  },
  "es6.math.sign": {
    "chrome": "38",
    "opera": "25",
    "edge": "12",
    "firefox": "25",
    "safari": "9",
    "node": "0.12",
    "ios": "9",
    "samsung": "3",
    "rhino": "1.7.13",
    "electron": "0.20"
  },
  "es6.math.sinh": {
    "chrome": "38",
    "opera": "25",
    "edge": "12",
    "firefox": "25",
    "safari": "7.1",
    "node": "0.12",
    "ios": "8",
    "samsung": "3",
    "rhino": "1.7.13",
    "electron": "0.20"
  },
  "es6.math.tanh": {
    "chrome": "38",
    "opera": "25",
    "edge": "12",
    "firefox": "25",
    "safari": "7.1",
    "node": "0.12",
    "ios": "8",
    "samsung": "3",
    "rhino": "1.7.13",
    "electron": "0.20"
  },
  "es6.math.trunc": {
    "chrome": "38",
    "opera": "25",
    "edge": "12",
    "firefox": "25",
    "safari": "7.1",
    "node": "0.12",
    "ios": "8",
    "samsung": "3",
    "rhino": "1.7.13",
    "electron": "0.20"
  },
  "es6.number.constructor": {
    "chrome": "41",
    "opera": "28",
    "edge": "12",
    "firefox": "36",
    "safari": "9",
    "node": "4",
    "ios": "9",
    "samsung": "3.4",
    "rhino": "1.7.13",
    "electron": "0.21"
  },
  "es6.number.epsilon": {
    "chrome": "34",
    "opera": "21",
    "edge": "12",
    "firefox": "25",
    "safari": "9",
    "node": "0.12",
    "ios": "9",
    "samsung": "2",
    "rhino": "1.7.14",
    "electron": "0.20"
  },
  "es6.number.is-finite": {
    "chrome": "19",
    "opera": "15",
    "edge": "12",
    "firefox": "16",
    "safari": "9",
    "node": "0.12",
    "android": "4.1",
    "ios": "9",
    "samsung": "1.5",
    "rhino": "1.7.13",
    "electron": "0.20"
  },
  "es6.number.is-integer": {
    "chrome": "34",
    "opera": "21",
    "edge": "12",
    "firefox": "16",
    "safari": "9",
    "node": "0.12",
    "ios": "9",
    "samsung": "2",
    "rhino": "1.7.13",
    "electron": "0.20"
  },
  "es6.number.is-nan": {
    "chrome": "19",
    "opera": "15",
    "edge": "12",
    "firefox": "15",
    "safari": "9",
    "node": "0.12",
    "android": "4.1",
    "ios": "9",
    "samsung": "1.5",
    "rhino": "1.7.13",
    "electron": "0.20"
  },
  "es6.number.is-safe-integer": {
    "chrome": "34",
    "opera": "21",
    "edge": "12",
    "firefox": "32",
    "safari": "9",
    "node": "0.12",
    "ios": "9",
    "samsung": "2",
    "rhino": "1.7.13",
    "electron": "0.20"
  },
  "es6.number.max-safe-integer": {
    "chrome": "34",
    "opera": "21",
    "edge": "12",
    "firefox": "31",
    "safari": "9",
    "node": "0.12",
    "ios": "9",
    "samsung": "2",
    "rhino": "1.7.13",
    "electron": "0.20"
  },
  "es6.number.min-safe-integer": {
    "chrome": "34",
    "opera": "21",
    "edge": "12",
    "firefox": "31",
    "safari": "9",
    "node": "0.12",
    "ios": "9",
    "samsung": "2",
    "rhino": "1.7.13",
    "electron": "0.20"
  },
  "es6.number.parse-float": {
    "chrome": "34",
    "opera": "21",
    "edge": "12",
    "firefox": "25",
    "safari": "9",
    "node": "0.12",
    "ios": "9",
    "samsung": "2",
    "rhino": "1.7.14",
    "electron": "0.20"
  },
  "es6.number.parse-int": {
    "chrome": "34",
    "opera": "21",
    "edge": "12",
    "firefox": "25",
    "safari": "9",
    "node": "0.12",
    "ios": "9",
    "samsung": "2",
    "rhino": "1.7.14",
    "electron": "0.20"
  },
  "es6.object.assign": {
    "chrome": "49",
    "opera": "36",
    "edge": "13",
    "firefox": "36",
    "safari": "10",
    "node": "6",
    "ios": "10",
    "samsung": "5",
    "electron": "0.37"
  },
  "es6.object.create": {
    "chrome": "5",
    "opera": "12",
    "edge": "12",
    "firefox": "4",
    "safari": "4",
    "node": "0.10",
    "ie": "9",
    "android": "4",
    "ios": "6",
    "phantom": "2",
    "samsung": "1",
    "rhino": "1.7.13",
    "electron": "0.20"
  },
  "es7.object.define-getter": {
    "chrome": "62",
    "opera": "49",
    "edge": "16",
    "firefox": "48",
    "safari": "9",
    "node": "8.10",
    "ios": "9",
    "samsung": "8",
    "electron": "3.0"
  },
  "es7.object.define-setter": {
    "chrome": "62",
    "opera": "49",
    "edge": "16",
    "firefox": "48",
    "safari": "9",
    "node": "8.10",
    "ios": "9",
    "samsung": "8",
    "electron": "3.0"
  },
  "es6.object.define-property": {
    "chrome": "5",
    "opera": "12",
    "edge": "12",
    "firefox": "4",
    "safari": "5.1",
    "node": "0.10",
    "ie": "9",
    "android": "4",
    "ios": "6",
    "phantom": "2",
    "samsung": "1",
    "rhino": "1.7.13",
    "electron": "0.20"
  },
  "es6.object.define-properties": {
    "chrome": "5",
    "opera": "12",
    "edge": "12",
    "firefox": "4",
    "safari": "4",
    "node": "0.10",
    "ie": "9",
    "android": "4",
    "ios": "6",
    "phantom": "2",
    "samsung": "1",
    "rhino": "1.7.13",
    "electron": "0.20"
  },
  "es7.object.entries": {
    "chrome": "54",
    "opera": "41",
    "edge": "14",
    "firefox": "47",
    "safari": "10.1",
    "node": "7",
    "ios": "10.3",
    "samsung": "6",
    "rhino": "1.7.14",
    "electron": "1.4"
  },
  "es6.object.freeze": {
    "chrome": "44",
    "opera": "31",
    "edge": "12",
    "firefox": "35",
    "safari": "9",
    "node": "4",
    "ios": "9",
    "samsung": "4",
    "rhino": "1.7.13",
    "electron": "0.30"
  },
  "es6.object.get-own-property-descriptor": {
    "chrome": "44",
    "opera": "31",
    "edge": "12",
    "firefox": "35",
    "safari": "9",
    "node": "4",
    "ios": "9",
    "samsung": "4",
    "rhino": "1.7.13",
    "electron": "0.30"
  },
  "es7.object.get-own-property-descriptors": {
    "chrome": "54",
    "opera": "41",
    "edge": "15",
    "firefox": "50",
    "safari": "10.1",
    "node": "7",
    "ios": "10.3",
    "samsung": "6",
    "electron": "1.4"
  },
  "es6.object.get-own-property-names": {
    "chrome": "40",
    "opera": "27",
    "edge": "12",
    "firefox": "33",
    "safari": "9",
    "node": "4",
    "ios": "9",
    "samsung": "3.4",
    "rhino": "1.7.13",
    "electron": "0.21"
  },
  "es6.object.get-prototype-of": {
    "chrome": "44",
    "opera": "31",
    "edge": "12",
    "firefox": "35",
    "safari": "9",
    "node": "4",
    "ios": "9",
    "samsung": "4",
    "rhino": "1.7.13",
    "electron": "0.30"
  },
  "es7.object.lookup-getter": {
    "chrome": "62",
    "opera": "49",
    "edge": "79",
    "firefox": "36",
    "safari": "9",
    "node": "8.10",
    "ios": "9",
    "samsung": "8",
    "electron": "3.0"
  },
  "es7.object.lookup-setter": {
    "chrome": "62",
    "opera": "49",
    "edge": "79",
    "firefox": "36",
    "safari": "9",
    "node": "8.10",
    "ios": "9",
    "samsung": "8",
    "electron": "3.0"
  },
  "es6.object.prevent-extensions": {
    "chrome": "44",
    "opera": "31",
    "edge": "12",
    "firefox": "35",
    "safari": "9",
    "node": "4",
    "ios": "9",
    "samsung": "4",
    "rhino": "1.7.13",
    "electron": "0.30"
  },
  "es6.object.to-string": {
    "chrome": "57",
    "opera": "44",
    "edge": "15",
    "firefox": "51",
    "safari": "10",
    "node": "8",
    "ios": "10",
    "samsung": "7",
    "electron": "1.7"
  },
  "es6.object.is": {
    "chrome": "19",
    "opera": "15",
    "edge": "12",
    "firefox": "22",
    "safari": "9",
    "node": "0.12",
    "android": "4.1",
    "ios": "9",
    "samsung": "1.5",
    "rhino": "1.7.13",
    "electron": "0.20"
  },
  "es6.object.is-frozen": {
    "chrome": "44",
    "opera": "31",
    "edge": "12",
    "firefox": "35",
    "safari": "9",
    "node": "4",
    "ios": "9",
    "samsung": "4",
    "rhino": "1.7.13",
    "electron": "0.30"
  },
  "es6.object.is-sealed": {
    "chrome": "44",
    "opera": "31",
    "edge": "12",
    "firefox": "35",
    "safari": "9",
    "node": "4",
    "ios": "9",
    "samsung": "4",
    "rhino": "1.7.13",
    "electron": "0.30"
  },
  "es6.object.is-extensible": {
    "chrome": "44",
    "opera": "31",
    "edge": "12",
    "firefox": "35",
    "safari": "9",
    "node": "4",
    "ios": "9",
    "samsung": "4",
    "rhino": "1.7.13",
    "electron": "0.30"
  },
  "es6.object.keys": {
    "chrome": "40",
    "opera": "27",
    "edge": "12",
    "firefox": "35",
    "safari": "9",
    "node": "4",
    "ios": "9",
    "samsung": "3.4",
    "rhino": "1.7.13",
    "electron": "0.21"
  },
  "es6.object.seal": {
    "chrome": "44",
    "opera": "31",
    "edge": "12",
    "firefox": "35",
    "safari": "9",
    "node": "4",
    "ios": "9",
    "samsung": "4",
    "rhino": "1.7.13",
    "electron": "0.30"
  },
  "es6.object.set-prototype-of": {
    "chrome": "34",
    "opera": "21",
    "edge": "12",
    "firefox": "31",
    "safari": "9",
    "node": "0.12",
    "ie": "11",
    "ios": "9",
    "samsung": "2",
    "rhino": "1.7.13",
    "electron": "0.20"
  },
  "es7.object.values": {
    "chrome": "54",
    "opera": "41",
    "edge": "14",
    "firefox": "47",
    "safari": "10.1",
    "node": "7",
    "ios": "10.3",
    "samsung": "6",
    "rhino": "1.7.14",
    "electron": "1.4"
  },
  "es6.promise": {
    "chrome": "51",
    "opera": "38",
    "edge": "14",
    "firefox": "45",
    "safari": "10",
    "node": "6.5",
    "ios": "10",
    "samsung": "5",
    "electron": "1.2"
  },
  "es7.promise.finally": {
    "chrome": "63",
    "opera": "50",
    "edge": "18",
    "firefox": "58",
    "safari": "11.1",
    "node": "10",
    "ios": "11.3",
    "samsung": "8",
    "electron": "3.0"
  },
  "es6.reflect.apply": {
    "chrome": "49",
    "opera": "36",
    "edge": "12",
    "firefox": "42",
    "safari": "10",
    "node": "6",
    "ios": "10",
    "samsung": "5",
    "electron": "0.37"
  },
  "es6.reflect.construct": {
    "chrome": "49",
    "opera": "36",
    "edge": "13",
    "firefox": "49",
    "safari": "10",
    "node": "6",
    "ios": "10",
    "samsung": "5",
    "electron": "0.37"
  },
  "es6.reflect.define-property": {
    "chrome": "49",
    "opera": "36",
    "edge": "13",
    "firefox": "42",
    "safari": "10",
    "node": "6",
    "ios": "10",
    "samsung": "5",
    "electron": "0.37"
  },
  "es6.reflect.delete-property": {
    "chrome": "49",
    "opera": "36",
    "edge": "12",
    "firefox": "42",
    "safari": "10",
    "node": "6",
    "ios": "10",
    "samsung": "5",
    "electron": "0.37"
  },
  "es6.reflect.get": {
    "chrome": "49",
    "opera": "36",
    "edge": "12",
    "firefox": "42",
    "safari": "10",
    "node": "6",
    "ios": "10",
    "samsung": "5",
    "electron": "0.37"
  },
  "es6.reflect.get-own-property-descriptor": {
    "chrome": "49",
    "opera": "36",
    "edge": "12",
    "firefox": "42",
    "safari": "10",
    "node": "6",
    "ios": "10",
    "samsung": "5",
    "electron": "0.37"
  },
  "es6.reflect.get-prototype-of": {
    "chrome": "49",
    "opera": "36",
    "edge": "12",
    "firefox": "42",
    "safari": "10",
    "node": "6",
    "ios": "10",
    "samsung": "5",
    "electron": "0.37"
  },
  "es6.reflect.has": {
    "chrome": "49",
    "opera": "36",
    "edge": "12",
    "firefox": "42",
    "safari": "10",
    "node": "6",
    "ios": "10",
    "samsung": "5",
    "electron": "0.37"
  },
  "es6.reflect.is-extensible": {
    "chrome": "49",
    "opera": "36",
    "edge": "12",
    "firefox": "42",
    "safari": "10",
    "node": "6",
    "ios": "10",
    "samsung": "5",
    "electron": "0.37"
  },
  "es6.reflect.own-keys": {
    "chrome": "49",
    "opera": "36",
    "edge": "12",
    "firefox": "42",
    "safari": "10",
    "node": "6",
    "ios": "10",
    "samsung": "5",
    "electron": "0.37"
  },
  "es6.reflect.prevent-extensions": {
    "chrome": "49",
    "opera": "36",
    "edge": "12",
    "firefox": "42",
    "safari": "10",
    "node": "6",
    "ios": "10",
    "samsung": "5",
    "electron": "0.37"
  },
  "es6.reflect.set": {
    "chrome": "49",
    "opera": "36",
    "edge": "12",
    "firefox": "42",
    "safari": "10",
    "node": "6",
    "ios": "10",
    "samsung": "5",
    "electron": "0.37"
  },
  "es6.reflect.set-prototype-of": {
    "chrome": "49",
    "opera": "36",
    "edge": "12",
    "firefox": "42",
    "safari": "10",
    "node": "6",
    "ios": "10",
    "samsung": "5",
    "electron": "0.37"
  },
  "es6.regexp.constructor": {
    "chrome": "50",
    "opera": "37",
    "edge": "79",
    "firefox": "40",
    "safari": "10",
    "node": "6",
    "ios": "10",
    "samsung": "5",
    "electron": "1.1"
  },
  "es6.regexp.flags": {
    "chrome": "49",
    "opera": "36",
    "edge": "79",
    "firefox": "37",
    "safari": "9",
    "node": "6",
    "ios": "9",
    "samsung": "5",
    "electron": "0.37"
  },
  "es6.regexp.match": {
    "chrome": "50",
    "opera": "37",
    "edge": "79",
    "firefox": "49",
    "safari": "10",
    "node": "6",
    "ios": "10",
    "samsung": "5",
    "rhino": "1.7.13",
    "electron": "1.1"
  },
  "es6.regexp.replace": {
    "chrome": "50",
    "opera": "37",
    "edge": "79",
    "firefox": "49",
    "safari": "10",
    "node": "6",
    "ios": "10",
    "samsung": "5",
    "electron": "1.1"
  },
  "es6.regexp.split": {
    "chrome": "50",
    "opera": "37",
    "edge": "79",
    "firefox": "49",
    "safari": "10",
    "node": "6",
    "ios": "10",
    "samsung": "5",
    "electron": "1.1"
  },
  "es6.regexp.search": {
    "chrome": "50",
    "opera": "37",
    "edge": "79",
    "firefox": "49",
    "safari": "10",
    "node": "6",
    "ios": "10",
    "samsung": "5",
    "rhino": "1.7.13",
    "electron": "1.1"
  },
  "es6.regexp.to-string": {
    "chrome": "50",
    "opera": "37",
    "edge": "79",
    "firefox": "39",
    "safari": "10",
    "node": "6",
    "ios": "10",
    "samsung": "5",
    "electron": "1.1"
  },
  "es6.set": {
    "chrome": "51",
    "opera": "38",
    "edge": "15",
    "firefox": "53",
    "safari": "10",
    "node": "6.5",
    "ios": "10",
    "samsung": "5",
    "electron": "1.2"
  },
  "es6.symbol": {
    "chrome": "51",
    "opera": "38",
    "edge": "79",
    "firefox": "51",
    "safari": "10",
    "node": "6.5",
    "ios": "10",
    "samsung": "5",
    "electron": "1.2"
  },
  "es7.symbol.async-iterator": {
    "chrome": "63",
    "opera": "50",
    "edge": "79",
    "firefox": "57",
    "safari": "12",
    "node": "10",
    "ios": "12",
    "samsung": "8",
    "electron": "3.0"
  },
  "es6.string.anchor": {
    "chrome": "5",
    "opera": "15",
    "edge": "12",
    "firefox": "17",
    "safari": "6",
    "node": "0.10",
    "android": "4",
    "ios": "7",
    "phantom": "2",
    "samsung": "1",
    "rhino": "1.7.14",
    "electron": "0.20"
  },
  "es6.string.big": {
    "chrome": "5",
    "opera": "15",
    "edge": "12",
    "firefox": "17",
    "safari": "6",
    "node": "0.10",
    "android": "4",
    "ios": "7",
    "phantom": "2",
    "samsung": "1",
    "rhino": "1.7.14",
    "electron": "0.20"
  },
  "es6.string.blink": {
    "chrome": "5",
    "opera": "15",
    "edge": "12",
    "firefox": "17",
    "safari": "6",
    "node": "0.10",
    "android": "4",
    "ios": "7",
    "phantom": "2",
    "samsung": "1",
    "rhino": "1.7.14",
    "electron": "0.20"
  },
  "es6.string.bold": {
    "chrome": "5",
    "opera": "15",
    "edge": "12",
    "firefox": "17",
    "safari": "6",
    "node": "0.10",
    "android": "4",
    "ios": "7",
    "phantom": "2",
    "samsung": "1",
    "rhino": "1.7.14",
    "electron": "0.20"
  },
  "es6.string.code-point-at": {
    "chrome": "41",
    "opera": "28",
    "edge": "12",
    "firefox": "29",
    "safari": "9",
    "node": "4",
    "ios": "9",
    "samsung": "3.4",
    "rhino": "1.7.13",
    "electron": "0.21"
  },
  "es6.string.ends-with": {
    "chrome": "41",
    "opera": "28",
    "edge": "12",
    "firefox": "29",
    "safari": "9",
    "node": "4",
    "ios": "9",
    "samsung": "3.4",
    "rhino": "1.7.13",
    "electron": "0.21"
  },
  "es6.string.fixed": {
    "chrome": "5",
    "opera": "15",
    "edge": "12",
    "firefox": "17",
    "safari": "6",
    "node": "0.10",
    "android": "4",
    "ios": "7",
    "phantom": "2",
    "samsung": "1",
    "rhino": "1.7.14",
    "electron": "0.20"
  },
  "es6.string.fontcolor": {
    "chrome": "5",
    "opera": "15",
    "edge": "12",
    "firefox": "17",
    "safari": "6",
    "node": "0.10",
    "android": "4",
    "ios": "7",
    "phantom": "2",
    "samsung": "1",
    "rhino": "1.7.14",
    "electron": "0.20"
  },
  "es6.string.fontsize": {
    "chrome": "5",
    "opera": "15",
    "edge": "12",
    "firefox": "17",
    "safari": "6",
    "node": "0.10",
    "android": "4",
    "ios": "7",
    "phantom": "2",
    "samsung": "1",
    "rhino": "1.7.14",
    "electron": "0.20"
  },
  "es6.string.from-code-point": {
    "chrome": "41",
    "opera": "28",
    "edge": "12",
    "firefox": "29",
    "safari": "9",
    "node": "4",
    "ios": "9",
    "samsung": "3.4",
    "rhino": "1.7.13",
    "electron": "0.21"
  },
  "es6.string.includes": {
    "chrome": "41",
    "opera": "28",
    "edge": "12",
    "firefox": "40",
    "safari": "9",
    "node": "4",
    "ios": "9",
    "samsung": "3.4",
    "rhino": "1.7.13",
    "electron": "0.21"
  },
  "es6.string.italics": {
    "chrome": "5",
    "opera": "15",
    "edge": "12",
    "firefox": "17",
    "safari": "6",
    "node": "0.10",
    "android": "4",
    "ios": "7",
    "phantom": "2",
    "samsung": "1",
    "rhino": "1.7.14",
    "electron": "0.20"
  },
  "es6.string.iterator": {
    "chrome": "38",
    "opera": "25",
    "edge": "12",
    "firefox": "36",
    "safari": "9",
    "node": "0.12",
    "ios": "9",
    "samsung": "3",
    "rhino": "1.7.13",
    "electron": "0.20"
  },
  "es6.string.link": {
    "chrome": "5",
    "opera": "15",
    "edge": "12",
    "firefox": "17",
    "safari": "6",
    "node": "0.10",
    "android": "4",
    "ios": "7",
    "phantom": "2",
    "samsung": "1",
    "rhino": "1.7.14",
    "electron": "0.20"
  },
  "es7.string.pad-start": {
    "chrome": "57",
    "opera": "44",
    "edge": "15",
    "firefox": "48",
    "safari": "10",
    "node": "8",
    "ios": "10",
    "samsung": "7",
    "rhino": "1.7.13",
    "electron": "1.7"
  },
  "es7.string.pad-end": {
    "chrome": "57",
    "opera": "44",
    "edge": "15",
    "firefox": "48",
    "safari": "10",
    "node": "8",
    "ios": "10",
    "samsung": "7",
    "rhino": "1.7.13",
    "electron": "1.7"
  },
  "es6.string.raw": {
    "chrome": "41",
    "opera": "28",
    "edge": "12",
    "firefox": "34",
    "safari": "9",
    "node": "4",
    "ios": "9",
    "samsung": "3.4",
    "rhino": "1.7.14",
    "electron": "0.21"
  },
  "es6.string.repeat": {
    "chrome": "41",
    "opera": "28",
    "edge": "12",
    "firefox": "24",
    "safari": "9",
    "node": "4",
    "ios": "9",
    "samsung": "3.4",
    "rhino": "1.7.13",
    "electron": "0.21"
  },
  "es6.string.small": {
    "chrome": "5",
    "opera": "15",
    "edge": "12",
    "firefox": "17",
    "safari": "6",
    "node": "0.10",
    "android": "4",
    "ios": "7",
    "phantom": "2",
    "samsung": "1",
    "rhino": "1.7.14",
    "electron": "0.20"
  },
  "es6.string.starts-with": {
    "chrome": "41",
    "opera": "28",
    "edge": "12",
    "firefox": "29",
    "safari": "9",
    "node": "4",
    "ios": "9",
    "samsung": "3.4",
    "rhino": "1.7.13",
    "electron": "0.21"
  },
  "es6.string.strike": {
    "chrome": "5",
    "opera": "15",
    "edge": "12",
    "firefox": "17",
    "safari": "6",
    "node": "0.10",
    "android": "4",
    "ios": "7",
    "phantom": "2",
    "samsung": "1",
    "rhino": "1.7.14",
    "electron": "0.20"
  },
  "es6.string.sub": {
    "chrome": "5",
    "opera": "15",
    "edge": "12",
    "firefox": "17",
    "safari": "6",
    "node": "0.10",
    "android": "4",
    "ios": "7",
    "phantom": "2",
    "samsung": "1",
    "rhino": "1.7.14",
    "electron": "0.20"
  },
  "es6.string.sup": {
    "chrome": "5",
    "opera": "15",
    "edge": "12",
    "firefox": "17",
    "safari": "6",
    "node": "0.10",
    "android": "4",
    "ios": "7",
    "phantom": "2",
    "samsung": "1",
    "rhino": "1.7.14",
    "electron": "0.20"
  },
  "es6.string.trim": {
    "chrome": "5",
    "opera": "10.50",
    "edge": "12",
    "firefox": "3.5",
    "safari": "4",
    "node": "0.10",
    "ie": "9",
    "android": "4",
    "ios": "6",
    "phantom": "2",
    "samsung": "1",
    "rhino": "1.7.13",
    "electron": "0.20"
  },
  "es7.string.trim-left": {
    "chrome": "66",
    "opera": "53",
    "edge": "79",
    "firefox": "61",
    "safari": "12",
    "node": "10",
    "ios": "12",
    "samsung": "9",
    "rhino": "1.7.13",
    "electron": "3.0"
  },
  "es7.string.trim-right": {
    "chrome": "66",
    "opera": "53",
    "edge": "79",
    "firefox": "61",
    "safari": "12",
    "node": "10",
    "ios": "12",
    "samsung": "9",
    "rhino": "1.7.13",
    "electron": "3.0"
  },
  "es6.typed.array-buffer": {
    "chrome": "51",
    "opera": "38",
    "edge": "13",
    "firefox": "48",
    "safari": "10",
    "node": "6.5",
    "ios": "10",
    "samsung": "5",
    "electron": "1.2"
  },
  "es6.typed.data-view": {
    "chrome": "5",
    "opera": "12",
    "edge": "12",
    "firefox": "15",
    "safari": "5.1",
    "node": "0.10",
    "ie": "10",
    "android": "4",
    "ios": "6",
    "phantom": "2",
    "samsung": "1",
    "rhino": "1.7.13",
    "electron": "0.20"
  },
  "es6.typed.int8-array": {
    "chrome": "51",
    "opera": "38",
    "edge": "13",
    "firefox": "48",
    "safari": "10",
    "node": "6.5",
    "ios": "10",
    "samsung": "5",
    "electron": "1.2"
  },
  "es6.typed.uint8-array": {
    "chrome": "51",
    "opera": "38",
    "edge": "13",
    "firefox": "48",
    "safari": "10",
    "node": "6.5",
    "ios": "10",
    "samsung": "5",
    "electron": "1.2"
  },
  "es6.typed.uint8-clamped-array": {
    "chrome": "51",
    "opera": "38",
    "edge": "13",
    "firefox": "48",
    "safari": "10",
    "node": "6.5",
    "ios": "10",
    "samsung": "5",
    "electron": "1.2"
  },
  "es6.typed.int16-array": {
    "chrome": "51",
    "opera": "38",
    "edge": "13",
    "firefox": "48",
    "safari": "10",
    "node": "6.5",
    "ios": "10",
    "samsung": "5",
    "electron": "1.2"
  },
  "es6.typed.uint16-array": {
    "chrome": "51",
    "opera": "38",
    "edge": "13",
    "firefox": "48",
    "safari": "10",
    "node": "6.5",
    "ios": "10",
    "samsung": "5",
    "electron": "1.2"
  },
  "es6.typed.int32-array": {
    "chrome": "51",
    "opera": "38",
    "edge": "13",
    "firefox": "48",
    "safari": "10",
    "node": "6.5",
    "ios": "10",
    "samsung": "5",
    "electron": "1.2"
  },
  "es6.typed.uint32-array": {
    "chrome": "51",
    "opera": "38",
    "edge": "13",
    "firefox": "48",
    "safari": "10",
    "node": "6.5",
    "ios": "10",
    "samsung": "5",
    "electron": "1.2"
  },
  "es6.typed.float32-array": {
    "chrome": "51",
    "opera": "38",
    "edge": "13",
    "firefox": "48",
    "safari": "10",
    "node": "6.5",
    "ios": "10",
    "samsung": "5",
    "electron": "1.2"
  },
  "es6.typed.float64-array": {
    "chrome": "51",
    "opera": "38",
    "edge": "13",
    "firefox": "48",
    "safari": "10",
    "node": "6.5",
    "ios": "10",
    "samsung": "5",
    "electron": "1.2"
  },
  "es6.weak-map": {
    "chrome": "51",
    "opera": "38",
    "edge": "15",
    "firefox": "53",
    "safari": "9",
    "node": "6.5",
    "ios": "9",
    "samsung": "5",
    "electron": "1.2"
  },
  "es6.weak-set": {
    "chrome": "51",
    "opera": "38",
    "edge": "15",
    "firefox": "53",
    "safari": "9",
    "node": "6.5",
    "ios": "9",
    "samsung": "5",
    "electron": "1.2"
  }
}
